,title,url,channel name,description
0,Dude Perfect's $100 Million Theme Park,https://www.youtube.com/watch?v=ZyHm55m7t-4,Dude Perfect,Our next HQ... is for YOU! We are PSYCHED to announce Dude Perfect World! Special thanks to PGA Tour 2K23 for sponsoring Get Crafty! Click HERE to get the game! ► https://pgatour.2k.com/2k23/bu...
1,My Daughter’s SURPRISE HOUSE MAKEOVER *Emotional*,https://www.youtube.com/watch?v=pdDUioYgS40,Jordan Matter,My son Hudson decorates our house for a huge surprise makeover for Salish while she delivers holiday presents to Brent & Lexi Rivera and the rest of Amp World! 300K LIKES AND BRENT & PIERSON...
2,Car Thieves vs the Final GlitterBomb 5.0,https://www.youtube.com/watch?v=iWeu2dxHRDg,Mark Rober,Merry Christmas ya filthy animals. The FINAL Glitterbomb has autonomous drones :) You can still get a CrunchLabs Build Box for Christmas! Let's build some cool stuff together https://crunchlabs.co...
3,World's Hardest Challenge!,https://www.youtube.com/watch?v=WkZHyBc3Xnc,MrBeast Gaming,"I'm in Fortnite!! Check out how you can win $1,000,000 on Saturday here: fn.gg/mrbeast Thanks to Epic Games for sponsoring this video! SUBSCRIBE OR YOU'LL HAVE BAD LUCK New Merch - https://shopm..."
4,I Survived Spine Surgery | Chad Wild Clay,https://www.youtube.com/watch?v=FOeTTy3y8KU,Chad Wild Clay,"Today, I'm getting back surgery to remove a large tumor near my tailbone. It'll be a difficult procedure as the tumor is inside the spinal column and is surrounded by many nerves. Surgeons..."
5,Jenna Ortega Spills On How She Came Up with Her Viral Dance in Wednesday [Extended] | Tonight Show,https://www.youtube.com/watch?v=GA7Kl7XWOmM,The Tonight Show Starring Jimmy Fallon,Jenna Ortega talks about making scary movies and working with Tim Burton on the iconic dance in Netflix's Wednesday. The Tonight Show Starring Jimmy Fallon. Stream now on Peacock: https://bit.ly/...
6,Barbie | Teaser Trailer,https://www.youtube.com/watch?v=8zIf0XvoL9Y,Warner Bros. Pictures,"#BarbieTheMovie, from director Greta Gerwig, only in theatres Summer 2023"
7,"John Cena will team with Kevin Owens to battle Roman Reigns and Sami Zayn!: SmackDown, Dec. 16, 2022",https://www.youtube.com/watch?v=D3KXAy9P0j8,WWE,"Roman Reigns makes a match featuring himself and Sami Zayn taking on Kevin Owens, but his plan backfires when John Cena reveals he will be teaming with The Prizefighter. Catch WWE action on..."
8,$14 Seafood Vs. $48 Seafood,https://www.youtube.com/watch?v=g3PGn-9_LuY,About To Eat,"Steven, Andrew, and Adam travel to North Carolina to try local seafood at three different price points! 0:00 What are we eating? 0:30 Saltbox 5:47 Oyster harvesting 9:04 Seabird 17:23 Seafood..."
9,The Truth Behind The MrBeast Video...,https://www.youtube.com/watch?v=hq_Zk4SeYBc,SocksReact,The Truth Behind The MrBeast Video... WATCH THE VIDEO HERE→ https://www.youtube.com/watch?v=WkZHyBc3Xnc SUBSCRIBE TO @MrBeast @MrBeastGaming Merch→ https://socksfor1.com Reddit →...
